<?xml version="1.0" encoding="UTF-8"?>
<project-private xmlns="http://www.netbeans.org/ns/project-private/1">
    <editor-bookmarks xmlns="http://www.netbeans.org/ns/editor-bookmarks/2" lastBookmarkId="0"/>
    <open-files xmlns="http://www.netbeans.org/ns/projectui-open-files/2">
        <group>
            <file>file:/D:/UNISKA/TUGAS%20UNISKA%204D/10.%20PBO%201/Document/2110010415/src/FadhelMuhammadRajib/PenggajianKaryawan.java</file>
            <file>file:/D:/UNISKA/TUGAS%20UNISKA%204D/10.%20PBO%201/Document/2110010415/src/Penggajian/User.java</file>
            <file>file:/D:/UNISKA/TUGAS%20UNISKA%204D/10.%20PBO%201/Document/2110010415/src/Penggajian/Tunjangan.java</file>
            <file>file:/D:/UNISKA/TUGAS%20UNISKA%204D/10.%20PBO%201/Document/2110010415/src/Penggajian/Penggajian.java</file>
        </group>
    </open-files>
</project-private>
